,Year,Rate
0,2000-2002,4.770483870967742
1,2003-2005,5.758636363636364
2,2006-2008,5.9245
3,2009-2011,6.700486486486486
4,2012-2014,5.87897142857143
5,2015-2017,6.3096944444444425
